feature,shap_mean_abs,horizonte,label
casos_mm4,0.6923134380366591,1,Casos MM4
notif_acum_ano_lag1,0.06907401223298877,1,notif_acum_ano_lag1
casos_lag1,0.06358569417994529,1,Casos (lag 1 SE)
trends_lag1,0.052946765578082346,1,trends_lag1
temp_media_mm8,0.04653165472939251,1,temp_media_mm8
temp_media_lag4,0.046259236244966265,1,temp_media_lag4
temp_max_lag2,0.04433004312289953,1,temp_max_lag2
temp_media_lag3,0.04390018067337131,1,temp_media_lag3
oni_lag4,0.04280297885515132,1,oni_lag4
trends_lag2,0.03976589883943374,1,trends_lag2
temp_min_lag2,0.03726284886415117,1,temp_min_lag2
temp_media_lag1,0.03573961258139967,1,temp_media_lag1
rt_index_lag1,0.03535945204773215,1,rt_index_lag1
umidade_lag1,0.0327191445556527,1,umidade_lag1
umidade_lag2,0.03253606028317242,1,umidade_lag2
precip_lag3,0.030260206112615123,1,precip_lag3
nivel_alerta_lag1,0.02991628563430645,1,nivel_alerta_lag1
prob_rt_maior_1_lag1,0.028997246010601194,1,prob_rt_maior_1_lag1
temp_max_lag1,0.028934057463456314,1,temp_max_lag1
temp_media_lag2,0.027017837814063736,1,temp_media_lag2
casos_lag4,0.026640439357326226,1,Casos (lag 4 SE)
casos_lag3,0.026622060119465687,1,casos_lag3
precip_acum8,0.02481478127836352,1,precip_acum8
temp_min_lag1,0.023753955773532974,1,temp_min_lag1
temp_media_mm4,0.023249444027501075,1,temp_media_mm4
casos_lag2,0.02227255755774197,1,Casos (lag 2 SE)
oni_lag8,0.020696771438839343,1,oni_lag8
precip_lag1,0.020613865502004437,1,precip_lag1
umidade_nasa_lag1,0.019631754319270493,1,umidade_nasa_lag1
oni_lag6,0.01907856943484147,1,oni_lag6
precip_lag4,0.01788482838729423,1,precip_lag4
precip_lag2,0.01693177341105857,1,precip_lag2
radiacao_lag2,0.016738084319645786,1,radiacao_lag2
radiacao_lag1,0.01664111949331176,1,radiacao_lag1
precip_acum4,0.015825891658719147,1,precip_acum4
umidade_nasa_lag2,0.0140175351417497,1,umidade_nasa_lag2
populacao,0.006158648653526997,1,População
receptivo_lag1,0.002272527691263842,1,receptivo_lag1
transmissao_lag1,0.0,1,transmissao_lag1
ndvi_lag4,0.0,1,ndvi_lag4
evi_lag2,0.0,1,evi_lag2
ndvi_lag2,0.0,1,ndvi_lag2
fase_enso_num_lag6,0.0,1,fase_enso_num_lag6
fase_enso_num_lag4,0.0,1,fase_enso_num_lag4
ndvi_lag3,0.0,1,ndvi_lag3
evi_lag3,0.0,1,evi_lag3
casos_mm4,0.6680832489799352,2,Casos MM4
notif_acum_ano_lag1,0.11030736109339741,2,notif_acum_ano_lag1
trends_lag2,0.07611871142690395,2,trends_lag2
temp_min_lag2,0.061327462720487634,2,temp_min_lag2
temp_media_lag3,0.04463819321905062,2,temp_media_lag3
prob_rt_maior_1_lag1,0.044619178528174416,2,prob_rt_maior_1_lag1
umidade_lag1,0.04436882509735858,2,umidade_lag1
umidade_lag2,0.04138872337563548,2,umidade_lag2
rt_index_lag1,0.039892969822810924,2,rt_index_lag1
nivel_alerta_lag1,0.03810777315692853,2,nivel_alerta_lag1
temp_media_lag4,0.036920213869725424,2,temp_media_lag4
temp_media_mm8,0.03633145926463035,2,temp_media_mm8
precip_acum4,0.0362188817621376,2,precip_acum4
casos_lag1,0.03616303604255687,2,Casos (lag 1 SE)
oni_lag4,0.032602283747498725,2,oni_lag4
umidade_nasa_lag2,0.03140333500532983,2,umidade_nasa_lag2
temp_max_lag2,0.02992304561437874,2,temp_max_lag2
trends_lag1,0.029874967831584335,2,trends_lag1
radiacao_lag2,0.02763916145457366,2,radiacao_lag2
precip_lag4,0.02596271238513075,2,precip_lag4
temp_max_lag1,0.02551316994166214,2,temp_max_lag1
temp_media_mm4,0.025253812395430585,2,temp_media_mm4
casos_lag4,0.024530247331802993,2,Casos (lag 4 SE)
temp_media_lag2,0.02436371178069252,2,temp_media_lag2
casos_lag3,0.024331440594494446,2,casos_lag3
casos_lag2,0.0239411553941838,2,Casos (lag 2 SE)
precip_lag1,0.022978552722162652,2,precip_lag1
temp_min_lag1,0.02283491215483626,2,temp_min_lag1
precip_acum8,0.022296337404704544,2,precip_acum8
umidade_nasa_lag1,0.021518758239902073,2,umidade_nasa_lag1
temp_media_lag1,0.020565340099045856,2,temp_media_lag1
oni_lag6,0.019843875655383925,2,oni_lag6
precip_lag2,0.019365710898224083,2,precip_lag2
oni_lag8,0.017393438402013524,2,oni_lag8
radiacao_lag1,0.016703854814142993,2,radiacao_lag1
precip_lag3,0.012323914657118962,2,precip_lag3
populacao,0.010949212950352304,2,População
receptivo_lag1,0.003635346509327953,2,receptivo_lag1
transmissao_lag1,0.0004110677534843254,2,transmissao_lag1
ndvi_lag4,0.0,2,ndvi_lag4
evi_lag2,0.0,2,evi_lag2
ndvi_lag2,0.0,2,ndvi_lag2
fase_enso_num_lag6,0.0,2,fase_enso_num_lag6
fase_enso_num_lag4,0.0,2,fase_enso_num_lag4
ndvi_lag3,0.0,2,ndvi_lag3
evi_lag3,0.0,2,evi_lag3
casos_mm4,0.41289951105767714,4,Casos MM4
notif_acum_ano_lag1,0.2076416433250214,4,notif_acum_ano_lag1
casos_lag1,0.15468932473357622,4,Casos (lag 1 SE)
precip_acum4,0.08133401587839491,4,precip_acum4
temp_min_lag2,0.08097377948926217,4,temp_min_lag2
trends_lag1,0.06859724427952062,4,trends_lag1
populacao,0.057624291370073896,4,População
rt_index_lag1,0.050311536473565385,4,rt_index_lag1
precip_acum8,0.047975987371492626,4,precip_acum8
temp_media_mm4,0.046805971791613867,4,temp_media_mm4
temp_media_lag3,0.040737961814395575,4,temp_media_lag3
radiacao_lag2,0.03998405127566625,4,radiacao_lag2
umidade_nasa_lag1,0.039099166244428586,4,umidade_nasa_lag1
temp_max_lag1,0.03619688967987884,4,temp_max_lag1
umidade_lag2,0.03577269539549658,4,umidade_lag2
receptivo_lag1,0.03404397606232588,4,receptivo_lag1
casos_lag2,0.033902116403284915,4,Casos (lag 2 SE)
temp_media_lag4,0.03338407363489004,4,temp_media_lag4
temp_max_lag2,0.03229296515104732,4,temp_max_lag2
umidade_nasa_lag2,0.032101523716723576,4,umidade_nasa_lag2
trends_lag2,0.031130263635669942,4,trends_lag2
temp_min_lag1,0.03067102243497552,4,temp_min_lag1
umidade_lag1,0.029681938001096538,4,umidade_lag1
prob_rt_maior_1_lag1,0.02937371544790542,4,prob_rt_maior_1_lag1
casos_lag4,0.026409281159948703,4,Casos (lag 4 SE)
nivel_alerta_lag1,0.026266646689798716,4,nivel_alerta_lag1
oni_lag8,0.02625750106422246,4,oni_lag8
temp_media_mm8,0.025808719556475082,4,temp_media_mm8
oni_lag6,0.025108486672308247,4,oni_lag6
precip_lag2,0.025031114765731888,4,precip_lag2
precip_lag3,0.02455314759867037,4,precip_lag3
temp_media_lag1,0.023911680820174003,4,temp_media_lag1
casos_lag3,0.022525589937241974,4,casos_lag3
oni_lag4,0.022411012468085016,4,oni_lag4
precip_lag4,0.022350242616015353,4,precip_lag4
precip_lag1,0.021697746533168596,4,precip_lag1
radiacao_lag1,0.02018998134666042,4,radiacao_lag1
temp_media_lag2,0.01732784260061323,4,temp_media_lag2
transmissao_lag1,0.004783905455608307,4,transmissao_lag1
ndvi_lag4,0.0,4,ndvi_lag4
evi_lag2,0.0,4,evi_lag2
ndvi_lag2,0.0,4,ndvi_lag2
fase_enso_num_lag6,0.0,4,fase_enso_num_lag6
fase_enso_num_lag4,0.0,4,fase_enso_num_lag4
ndvi_lag3,0.0,4,ndvi_lag3
evi_lag3,0.0,4,evi_lag3
notif_acum_ano_lag1,0.3885430398166523,8,notif_acum_ano_lag1
precip_acum8,0.334561353549617,8,precip_acum8
populacao,0.170918368619771,8,População
casos_mm4,0.08540645773423372,8,Casos MM4
precip_lag2,0.07727334248112468,8,precip_lag2
temp_max_lag2,0.06632610834029395,8,temp_max_lag2
temp_min_lag1,0.058330624434727606,8,temp_min_lag1
temp_media_mm8,0.054958037386368896,8,temp_media_mm8
oni_lag4,0.053783133223793675,8,oni_lag4
precip_acum4,0.05220555363541599,8,precip_acum4
nivel_alerta_lag1,0.050935843578460704,8,nivel_alerta_lag1
temp_min_lag2,0.04312204568727865,8,temp_min_lag2
rt_index_lag1,0.04201382112728005,8,rt_index_lag1
umidade_lag1,0.04190472014594882,8,umidade_lag1
casos_lag4,0.040569829142447285,8,Casos (lag 4 SE)
umidade_lag2,0.038898765213328954,8,umidade_lag2
umidade_nasa_lag2,0.03681724454183835,8,umidade_nasa_lag2
temp_max_lag1,0.03588600527091744,8,temp_max_lag1
prob_rt_maior_1_lag1,0.034982193493275485,8,prob_rt_maior_1_lag1
radiacao_lag2,0.03480511015034438,8,radiacao_lag2
temp_media_mm4,0.034411898300529764,8,temp_media_mm4
trends_lag2,0.033963545197590594,8,trends_lag2
trends_lag1,0.03379589774113019,8,trends_lag1
temp_media_lag1,0.03179883619997576,8,temp_media_lag1
temp_media_lag3,0.030504350464389457,8,temp_media_lag3
casos_lag2,0.02976477429020148,8,Casos (lag 2 SE)
oni_lag6,0.028463460412967823,8,oni_lag6
temp_media_lag2,0.02420519419792236,8,temp_media_lag2
temp_media_lag4,0.02392676646082402,8,temp_media_lag4
casos_lag3,0.023660160519101834,8,casos_lag3
oni_lag8,0.022966018280960634,8,oni_lag8
radiacao_lag1,0.02224721974002939,8,radiacao_lag1
precip_lag3,0.020560585724321727,8,precip_lag3
umidade_nasa_lag1,0.01914522321426555,8,umidade_nasa_lag1
precip_lag4,0.018713229087282894,8,precip_lag4
precip_lag1,0.017760677646968304,8,precip_lag1
casos_lag1,0.017710021391030967,8,Casos (lag 1 SE)
receptivo_lag1,0.008234978079259067,8,receptivo_lag1
transmissao_lag1,0.0,8,transmissao_lag1
ndvi_lag4,0.0,8,ndvi_lag4
evi_lag2,0.0,8,evi_lag2
ndvi_lag2,0.0,8,ndvi_lag2
fase_enso_num_lag6,0.0,8,fase_enso_num_lag6
fase_enso_num_lag4,0.0,8,fase_enso_num_lag4
ndvi_lag3,0.0,8,ndvi_lag3
evi_lag3,0.0,8,evi_lag3
